AC_Number,Constituency_Name,District,Type,Predicted_Winner,Predicted_Winner_Prob,P_All India Trinamool Congress,P_Bharatiya Janta Party,P_OTHER,antiinc_squeeze,turnout_impact,combined_factor
12,Alipurduars,Jalpaiguri,GEN,Bharatiya Janta Party,0.9967493699900557,0.0015505306256313565,0.9967493699900557,0.0017000993843128834,0.05,0.05,0.1
102,Amdanga,North Twenty Four Parganas,GEN,All India Trinamool Congress,0.7727534548753658,0.7727534548753658,0.19522124002820498,0.03202530509642905,0.1,0.02,0.12000000000000001
181,Amta,Haora,GEN,All India Trinamool Congress,0.7613147593207973,0.7613147593207973,0.19667859125355366,0.04200664942564923,0.1,0.05,0.15000000000000002
200,Arambag,Hugli,SC,Bharatiya Janta Party,0.9942536663923894,0.005302751077179404,0.9942536663923894,0.00044358253043124936,0.08,0.05,0.13
280,Asnsol Dakshin,Barddhaman,GEN,Bharatiya Janta Party,0.9957228649308283,0.002994576668962704,0.9957228649308283,0.001282558400209011,0.09,0.08,0.16999999999999998
281,Asansol Uttar,Barddhaman,GEN,Bharatiya Janta Party,0.5871485810681747,0.3870401989509938,0.5871485810681747,0.025811219980831582,0.09,0.08,0.16999999999999998
101,Ashoknagar,North Twenty Four Parganas,GEN,All India Trinamool Congress,0.7398276866318279,0.7398276866318279,0.22417748576455943,0.035994827603612715,0.1,0.05,0.15000000000000002
273,Ausgram,Barddhaman,SC,All India Trinamool Congress,0.5231267418057238,0.5231267418057238,0.4586130685502339,0.018260189644042114,0.09,0.02,0.11
99,Baduria,North Twenty Four Parganas,GEN,All India Trinamool Congress,0.8168063071550515,0.8168063071550515,0.147359712579551,0.03583398026539762,0.1,0.05,0.15000000000000002
94,Bagda,North Twenty Four Parganas,SC,Bharatiya Janta Party,0.999582241862062,0.00014151021048273104,0.999582241862062,0.00027624792745518375,0.1,0.05,0.15000000000000002
240,Baghmundi,Puruliya,GEN,All India Trinamool Congress,0.7016792243268304,0.7016792243268304,0.27942332969632977,0.01889744597683991,0.04,0.05,0.09
180,Bagnan,Haora,GEN,All India Trinamool Congress,0.8492324622878574,0.8492324622878574,0.1140993243582429,0.036668213353899526,0.1,0.05,0.15000000000000002
72,Baharampur,Murshidabad,GEN,Bharatiya Janta Party,0.9959950072086948,0.002061706134964063,0.9959950072086948,0.0019432866563409612,0.07,0.08,0.15000000000000002
54,Baisnabnagar,Maldah,GEN,All India Trinamool Congress,0.5666282501734456,0.5666282501734456,0.4027387923151505,0.03063295751140389,0.08,0.05,0.13
191,Balagarh,Hugli,SC,Bharatiya Janta Party,0.5654182760067529,0.41161908341552766,0.5654182760067529,0.022962640577719445,0.08,0.05,0.13
239,Balarampur,Puruliya,GEN,Bharatiya Janta Party,0.9949206502413445,0.004413136227750831,0.9949206502413445,0.0006662135309047938,0.04,0.05,0.09
169,Bally,Haora,GEN,All India Trinamool Congress,0.7494408048134686,0.7494408048134686,0.17313969185255268,0.07741950333397864,0.1,0.08,0.18
161,Ballygunge,Kolkata,GEN,All India Trinamool Congress,0.8026061199626673,0.8026061199626673,0.14871973215962103,0.04867414787771166,0.12,0.08,0.2
39,Balurghat,Dakshin Dinajpur,GEN,All India Trinamool Congress,0.6660204004159664,0.6660204004159664,0.2570492073332729,0.07693039225076061,0.06,0.05,0.11
238,Bandwan,Puruliya,ST,All India Trinamool Congress,0.7443690801119247,0.7443690801119247,0.22510401549010706,0.03052690439796815,0.04,0.05,0.09
96,Bangaon Dakshin,North Twenty Four Parganas,SC,Bharatiya Janta Party,0.9981136402377327,0.0016147570398670698,0.9981136402377327,0.0002716027224003208,0.1,0.05,0.15000000000000002
95,Bangaon Uttar,North Twenty Four Parganas,SC,Bharatiya Janta Party,0.9987596794871615,0.0010145607013548929,0.9987596794871615,0.00022575981148358483,0.1,0.05,0.15000000000000002
252,Bankura,Bankura,GEN,Bharatiya Janta Party,0.997242062836687,0.002265958170377372,0.997242062836687,0.0004919789929356147,0.05,0.05,0.1
283,Barabani,Barddhaman,GEN,All India Trinamool Congress,0.7655622949459323,0.7655622949459323,0.19290815342714615,0.041529551626921624,0.09,0.08,0.16999999999999998
113,Baranagar,North Twenty Four Parganas,GEN,All India Trinamool Congress,0.8203051619290032,0.8203051619290032,0.1333380393112605,0.046356798759736306,0.1,0.08,0.18
119,Barasat,North Twenty Four Parganas,GEN,All India Trinamool Congress,0.8220620461677636,0.8220620461677636,0.13222013893599366,0.04571781489624285,0.1,0.05,0.15000000000000002
260,Burdwan Dakshin,Barddhaman,GEN,Bharatiya Janta Party,0.49150838185810447,0.4823647028889362,0.49150838185810447,0.026126915252959414,0.09,0.05,0.14
266,Burdwan Uttar,Barddhaman,SC,All India Trinamool Congress,0.7665346253841797,0.7665346253841797,0.19627835529179016,0.03718701932403008,0.09,0.02,0.11
253,Barjora,Bankura,GEN,All India Trinamool Congress,0.5255759776105848,0.5255759776105848,0.4570586697892061,0.017365352600209022,0.05,0.05,0.1
108,Barrackpur,North Twenty Four Parganas,GEN,All India Trinamool Congress,0.7792611827143551,0.7792611827143551,0.1447657010115178,0.07597311627412708,0.1,0.08,0.18
140,Baruipur Paschim,South  Twenty Four Parganas,GEN,All India Trinamool Congress,0.8788092663802319,0.8788092663802319,0.09140773888856592,0.029782994731202148,0.1,0.02,0.12000000000000001
137,Baruipur Purba,South  Twenty Four Parganas,SC,All India Trinamool Congress,0.8442405811405699,0.8442405811405699,0.11951695336035759,0.03624246549907253,0.1,0.02,0.12000000000000001
128,Basanti,South  Twenty Four Parganas,SC,All India Trinamool Congress,0.8481751971405296,0.8481751971405296,0.1154185898064187,0.0364062130530518,0.1,0.05,0.15000000000000002
124,Basirhat Dakshin,North Twenty Four Parganas,GEN,All India Trinamool Congress,0.8145748482339354,0.8145748482339354,0.13453822068459795,0.05088693108146662,0.1,0.05,0.15000000000000002
125,Basirhat Uttar,North Twenty Four Parganas,GEN,All India Trinamool Congress,0.7831530645085157,0.7831530645085157,0.10507413837740916,0.11177279711407506,0.1,0.02,0.12000000000000001
154,Behala Paschim,South  Twenty Four Parganas,GEN,All India Trinamool Congress,0.8092884069297963,0.8092884069297963,0.14292693293030276,0.047784660139900945,0.1,0.08,0.18
153,Behala Purba,South  Twenty Four Parganas,GEN,All India Trinamool Congress,0.7903021201577447,0.7903021201577447,0.16242388695997462,0.04727399288228071,0.1,0.08,0.18
71,Beldanga,Murshidabad,GEN,All India Trinamool Congress,0.872659892517453,0.872659892517453,0.09796670082482055,0.029373406657726527,0.07,0.05,0.12000000000000001
164,Beleghata,Kolkata,GEN,All India Trinamool Congress,0.801481419775264,0.801481419775264,0.14976553631338071,0.04875304391135522,0.12,0.08,0.2
159,Bhabanipur,Kolkata,GEN,All India Trinamool Congress,0.7996589432409461,0.7996589432409461,0.15071898204881606,0.049622074710237864,0.12,0.08,0.2
62,Bhagabangola,Murshidabad,GEN,All India Trinamool Congress,0.7602340382634948,0.7602340382634948,0.2077924553050517,0.03197350643145356,0.07,0.05,0.12000000000000001
214,Bhagabanpur,Purba Medinipur,GEN,Bharatiya Janta Party,0.7712237302914497,0.21606322344902193,0.7712237302914497,0.01271304625952829,0.06,0.02,0.08
148,Bhangar,South  Twenty Four Parganas,GEN,OTHER,0.8016507345635894,0.03618885057412237,0.16216041486228824,0.8016507345635894,0.1,0.02,0.12000000000000001
69,Bharatpur,Murshidabad,GEN,All India Trinamool Congress,0.7604671163929342,0.7604671163929342,0.2011528165961916,0.03838006701087426,0.07,0.08,0.15000000000000002
267,Bhatar,Barddhaman,GEN,All India Trinamool Congress,0.8611790906108009,0.8611790906108009,0.10494548444891603,0.033875424940283075,0.09,0.05,0.14
105,Bhatpara,North Twenty Four Parganas,GEN,Bharatiya Janta Party,0.9782248912489012,0.014935700940353994,0.9782248912489012,0.006839407810744926,0.1,0.08,0.18
116,Bidhannagar,North Twenty Four Parganas,GEN,All India Trinamool Congress,0.6533456370619721,0.6533456370619721,0.2692307305662809,0.077423632371747,0.1,0.08,0.18
103,Bijpur,North Twenty Four Parganas,GEN,All India Trinamool Congress,0.464737877610285,0.464737877610285,0.41855488158356535,0.1167072408061496,0.1,0.08,0.18
237,Binpur,Paschim Medinipur,ST,All India Trinamool Congress,0.88890707006189,0.88890707006189,0.08606478665710854,0.025028143281001426,0.05,0.05,0.1
146,Bishnupur (SC),South  Twenty Four Parganas,SC,All India Trinamool Congress,0.8377673513482208,0.8377673513482208,0.11959846981700681,0.04263417883477234,0.1,0.05,0.15000000000000002
255,Bishnupur,Bankura,SC,Bharatiya Janta Party,0.9953871854382166,0.0038037556683463104,0.9953871854382166,0.0008090588934371756,0.05,0.02,0.07
286,Bolpur,Birbhum,GEN,All India Trinamool Congress,0.8533685693067372,0.8533685693067372,0.11861687878261121,0.028014551910651574,0.05,0.05,0.1
156,Budge Budge,South  Twenty Four Parganas,GEN,All India Trinamool Congress,0.8533132955365751,0.8533132955365751,0.11040472849910225,0.03628197596432266,0.1,0.05,0.15000000000000002
67,Burwan,Murshidabad,SC,All India Trinamool Congress,0.5005349859097405,0.5005349859097405,0.4385674389029554,0.060897575187303966,0.07,0.05,0.12000000000000001
138,Canning Paschim,South  Twenty Four Parganas,SC,All India Trinamool Congress,0.8270443168061216,0.8270443168061216,0.13586100440397644,0.037094678789902004,0.1,0.05,0.15000000000000002
139,Canning Purba,South  Twenty Four Parganas,GEN,All India Trinamool Congress,0.7420911135407825,0.7420911135407825,0.14615739417986837,0.111751492279349,0.1,0.02,0.12000000000000001
91,Chakdaha,Nadia,GEN,Bharatiya Janta Party,0.9926714620550593,0.006354460642181691,0.9926714620550593,0.0009740773027589921,0.06,0.05,0.11
31,Chakulia,Uttar Dinajpur,GEN,All India Trinamool Congress,0.7506401183328312,0.7506401183328312,0.19050812645746082,0.058851755209707944,0.06,0.08,0.14
187,Champdani,Hugli,GEN,All India Trinamool Congress,0.7862934561154746,0.7862934561154746,0.17229526568314144,0.04141127820138395,0.08,0.08,0.16
45,Chanchal,Maldah,GEN,All India Trinamool Congress,0.7826252070753827,0.7826252070753827,0.18602519762874256,0.03134959529587469,0.08,0.05,0.13
189,Chandannagar,Hugli,GEN,All India Trinamool Congress,0.8591029485429706,0.8591029485429706,0.1068641695414215,0.03403288191560787,0.08,0.05,0.13
211,Chandipur,Purba Medinipur,GEN,All India Trinamool Congress,0.6501913503049801,0.6501913503049801,0.32934972599111806,0.020458923703901816,0.06,0.02,0.08
194,Chanditala,Hugli,GEN,All India Trinamool Congress,0.8641532964213391,0.8641532964213391,0.10285735112236914,0.032989352456291865,0.08,0.05,0.13
232,Chandrakona,Paschim Medinipur,SC,Bharatiya Janta Party,0.863740085136088,0.12290576934620062,0.863740085136088,0.01335414551771147,0.05,0.02,0.07
82,Chapra,Nadia,GEN,All India Trinamool Congress,0.6402288781301788,0.6402288781301788,0.33753197515783956,0.022239146711981655,0.06,0.05,0.11
248,Chhatna,Bankura,GEN,Bharatiya Janta Party,0.9988452837658804,0.0008423479673886053,0.9988452837658804,0.0003123682667310296,0.05,0.05,0.1
28,Chopra,Uttar Dinajpur,GEN,Bharatiya Janta Party,0.8377206731381284,0.1524799617036359,0.8377206731381284,0.009799365158235634,0.06,0.05,0.11
162,Chowrangee,Kolkata,GEN,All India Trinamool Congress,0.7981871696106246,0.7981871696106246,0.15214266733334975,0.04967016305602561,0.12,0.08,0.2
190,Chunchura,Hugli,GEN,Bharatiya Janta Party,0.6381287781387651,0.3146520215366528,0.6381287781387651,0.047219200324582156,0.08,0.05,0.13
4,Cooch Behar Dakshin,Koch Bihar,GEN,Bharatiya Janta Party,0.875812159839776,0.0781054482601547,0.875812159839776,0.04608239190006931,0.05,0.05,0.1
3,Coochbehar Uttar,Koch Bihar,SC,Bharatiya Janta Party,0.9982931591425162,0.0006380968730240186,0.9982931591425162,0.001068743984459813,0.05,0.05,0.1
19,Dabgram-Fulbari,Jalpaiguri,GEN,Bharatiya Janta Party,0.9962014980279458,0.0006601790976130076,0.9962014980279458,0.003138322874441083,0.05,0.05,0.1
219,Dantan,Paschim Medinipur,GEN,Bharatiya Janta Party,0.5526848053478551,0.4315379913539149,0.5526848053478551,0.015777203298229993,0.05,0.05,0.1
23,Darjeeling,Darjiling,GEN,Bharatiya Janta Party,0.9979759101824373,0.00028803212963569267,0.9979759101824373,0.0017360576879270136,0.04,0.08,0.12
230,Daspur,Paschim Medinipur,GEN,Bharatiya Janta Party,0.7560199965863413,0.2237159841311702,0.7560199965863413,0.020264019282488433,0.05,0.08,0.13
229,Debra,Paschim Medinipur,GEN,All India Trinamool Congress,0.6022664598599119,0.6022664598599119,0.37729447808869687,0.020439062051391215,0.05,0.05,0.1
120,Deganga,North Twenty Four Parganas,GEN,All India Trinamool Congress,0.8721677755030435,0.8721677755030435,0.09689507496620184,0.030937149530754608,0.1,0.02,0.12000000000000001
197,Dhanekhali,Hugli,SC,All India Trinamool Congress,0.6443178871169721,0.6443178871169721,0.32092445659007107,0.034757656292956865,0.08,0.05,0.13
15,Dhupguri,Jalpaiguri,SC,Bharatiya Janta Party,0.9926349095214753,0.0007645848915160474,0.9926349095214753,0.006600505587008781,0.05,0.02,0.07
143,Diamond Harbour,South  Twenty Four Parganas,GEN,All India Trinamool Congress,0.7738717965679931,0.7738717965679931,0.16799142715964585,0.05813677627236109,0.1,0.02,0.12000000000000001
7,Dinhata,Koch Bihar,GEN,Bharatiya Janta Party,0.9975159573794372,0.00046779171283757424,0.9975159573794372,0.0020162509077251735,0.05,0.05,0.1
184,Domjur,Haora,GEN,All India Trinamool Congress,0.8182726291447173,0.8182726291447173,0.13133680665594064,0.050390564199342174,0.1,0.02,0.12000000000000001
75,Domkal,Murshidabad,GEN,All India Trinamool Congress,0.7896610690467849,0.7896610690467849,0.17727010603577742,0.03306882491743757,0.07,0.05,0.12000000000000001
284,Dubrajpur,Birbhum,SC,Bharatiya Janta Party,0.9919339765391583,0.007514602030378362,0.9919339765391583,0.0005514214304633131,0.05,0.05,0.1
114,Dum Dum,North Twenty Four Parganas,GEN,All India Trinamool Congress,0.7872329553603272,0.7872329553603272,0.1654283490590243,0.04733869558064846,0.1,0.08,0.18
110,Dum Dum Uttar,North Twenty Four Parganas,GEN,All India Trinamool Congress,0.733952703244297,0.733952703244297,0.2269092100863546,0.03913808666934848,0.1,0.05,0.15000000000000002
277,Durgapur Paschim,Barddhaman,GEN,Bharatiya Janta Party,0.9909659245798887,0.007791199159683629,0.9909659245798887,0.0012428762604277557,0.09,0.08,0.16999999999999998
276,Durgapur Purba,Barddhaman,GEN,Bharatiya Janta Party,0.9687829466969204,0.027270861650703176,0.9687829466969204,0.003946191652376391,0.09,0.08,0.16999999999999998
218,Egra,Purba Medinipur,GEN,All India Trinamool Congress,0.7435609928644485,0.7435609928644485,0.22263276119958697,0.03380624593596438,0.06,0.05,0.11
51,Englishbazar,Maldah,GEN,Bharatiya Janta Party,0.9962440091960142,0.0022480871877969353,0.9962440091960142,0.001507903616188868,0.08,0.05,0.13
163,Entally,Kolkata,GEN,All India Trinamool Congress,0.8044703547855188,0.8044703547855188,0.14632209411086175,0.04920755110361949,0.12,0.08,0.2
13,Falakata,Jalpaiguri,SC,Bharatiya Janta Party,0.9976813636660435,0.0012853544662669665,0.9976813636660435,0.0010332818676893423,0.05,0.05,0.1
144,Falta,South  Twenty Four Parganas,GEN,All India Trinamool Congress,0.8794408599568376,0.8794408599568376,0.09027984837695543,0.030279291666206996,0.1,0.02,0.12000000000000001
55,Farakka,Murshidabad,GEN,All India Trinamool Congress,0.8739943136605497,0.8739943136605497,0.09572186538262419,0.030283820956825983,0.07,0.05,0.12000000000000001
97,Gaighata,North Twenty Four Parganas,SC,Bharatiya Janta Party,0.9984480006101137,0.00138848074208583,0.9984480006101137,0.0001635186478003531,0.1,0.05,0.15000000000000002
274,Galsi,Barddhaman,SC,All India Trinamool Congress,0.8458328098829214,0.8458328098829214,0.11994822786714861,0.034218962249929964,0.09,0.05,0.14
41,Gangarampur,Dakshin Dinajpur,SC,Bharatiya Janta Party,0.984326700819795,0.007397760401118752,0.984326700819795,0.00827553877908617,0.06,0.05,0.11
233,Garbeta,Paschim Medinipur,GEN,All India Trinamool Congress,0.7997337674653173,0.7997337674653173,0.1825721160292663,0.01769411650541644,0.05,0.02,0.07
44,Gazole,Maldah,SC,Bharatiya Janta Party,0.9908905466325892,0.006077521197299725,0.9908905466325892,0.0030319321701110496,0.08,0.05,0.13
231,Ghatal,Paschim Medinipur,SC,Bharatiya Janta Party,0.996516813132563,0.002611335089926265,0.996516813132563,0.0008718517775106121,0.05,0.05,0.1
30,Goalpokhar,Uttar Dinajpur,GEN,All India Trinamool Congress,0.7379673044746827,0.7379673044746827,0.1880747842462973,0.07395791127902007,0.06,0.08,0.14
201,Goghat,Hugli,SC,Bharatiya Janta Party,0.9972353088170132,0.0024061182978154837,0.9972353088170132,0.00035857288517136105,0.08,0.02,0.1
221,Gopiballavpur,Paschim Medinipur,GEN,All India Trinamool Congress,0.7780987892315274,0.7780987892315274,0.1976411409663068,0.02426006980216582,0.05,0.05,0.1
127,Gosaba,South  Twenty Four Parganas,SC,All India Trinamool Congress,0.8302325013718428,0.8302325013718428,0.13136653512695445,0.03840096350120268,0.1,0.05,0.15000000000000002
43,Habibpur,Maldah,ST,Bharatiya Janta Party,0.9955911195041905,0.0025096335073523167,0.9955911195041905,0.0018992469884571048,0.08,0.05,0.13
100,Habra,North Twenty Four Parganas,GEN,All India Trinamool Congress,0.7340901062458599,0.7340901062458599,0.22881089950772385,0.03709899424641614,0.1,0.05,0.15000000000000002
209,Haldia,Purba Medinipur,SC,Bharatiya Janta Party,0.8899694017846769,0.10506346210236929,0.8899694017846769,0.004967136112953725,0.06,0.02,0.08
292,Hansan,Birbhum,GEN,All India Trinamool Congress,0.8999657340328849,0.8999657340328849,0.0755346880995637,0.024499577867551314,0.05,0.05,0.1
121,Haroa,North Twenty Four Parganas,GEN,All India Trinamool Congress,0.8539441587230137,0.8539441587230137,0.10993026705777866,0.03612557421920775,0.1,0.02,0.12000000000000001
73,Hariharpara,Murshidabad,GEN,All India Trinamool Congress,0.6138678507794705,0.6138678507794705,0.36463640896609667,0.021495740254432703,0.07,0.02,0.09000000000000001
93,Haringhata,Nadia,SC,Bharatiya Janta Party,0.9974338112033572,0.0022417015048338917,0.9974338112033572,0.00032448729180889723,0.06,0.02,0.08
196,Haripal,Hugli,GEN,All India Trinamool Congress,0.7622559545507732,0.7622559545507732,0.20180123632455654,0.0359428091246701,0.08,0.05,0.13
42,Harirampur,Dakshin Dinajpur,GEN,All India Trinamool Congress,0.7676123176635833,0.7676123176635833,0.1857553573572517,0.04663232497916503,0.06,0.05,0.11
46,Harischandrapur,Maldah,GEN,All India Trinamool Congress,0.8509047312515328,0.8509047312515328,0.11712228460121295,0.03197298414725421,0.08,0.05,0.13
33,Hemtabad,Uttar Dinajpur,SC,Bharatiya Janta Party,0.544201225488033,0.42620838353325735,0.544201225488033,0.029590390978709687,0.06,0.05,0.11
126,Hingalganj,North Twenty Four Parganas,SC,All India Trinamool Congress,0.7084762904756345,0.7084762904756345,0.2567180332321553,0.034805676292210236,0.1,0.05,0.15000000000000002
173,Howrah Dakshin,Haora,GEN,All India Trinamool Congress,0.8144702313433768,0.8144702313433768,0.14134329610078916,0.04418647255583405,0.1,0.08,0.18
171,Howrah Madhya,Haora,GEN,All India Trinamool Congress,0.8054024716059927,0.8054024716059927,0.14898321613490959,0.04561431225909766,0.1,0.08,0.18
170,Howrah Uttar,Haora,GEN,All India Trinamool Congress,0.7262678339637645,0.7262678339637645,0.16807307180201467,0.10565909423422079,0.1,0.08,0.18
257,Indus,Bankura,SC,Bharatiya Janta Party,0.9979988629346004,0.0016934250264848485,0.9979988629346004,0.0003077120389146985,0.05,0.02,0.07
29,Islampur,Uttar Dinajpur,GEN,All India Trinamool Congress,0.7648376954567843,0.7648376954567843,0.19126770938897353,0.0438945951542423,0.06,0.05,0.11
36,Itahar,Uttar Dinajpur,GEN,All India Trinamool Congress,0.8443670035075784,0.8443670035075784,0.12503884545585567,0.030594151036566,0.06,0.05,0.11
150,Jadavpur,South  Twenty Four Parganas,GEN,All India Trinamool Congress,0.8084501906281754,0.8084501906281754,0.1442914289310509,0.047258380440773795,0.1,0.08,0.18
183,Jagatballavpur,Haora,GEN,All India Trinamool Congress,0.8289052710242397,0.8289052710242397,0.12736967520846038,0.04372505376729996,0.1,0.05,0.15000000000000002
106,Jagatdal,North Twenty Four Parganas,GEN,All India Trinamool Congress,0.8379283251107384,0.8379283251107384,0.11679598831303457,0.045275686576226964,0.1,0.05,0.15000000000000002
76,Jalangi,Murshidabad,GEN,All India Trinamool Congress,0.8293419185978234,0.8293419185978234,0.14133326789173917,0.029324813510437572,0.07,0.05,0.12000000000000001
17,Jalpaiguri,Jalpaiguri,SC,Bharatiya Janta Party,0.724180180211874,0.24908258765091001,0.724180180211874,0.026737232137216013,0.05,0.05,0.1
262,Jamalpur,Barddhaman,SC,All India Trinamool Congress,0.8407735319170538,0.8407735319170538,0.12582402195522646,0.033402446127719684,0.09,0.05,0.14
279,Jamuria,Barddhaman,GEN,All India Trinamool Congress,0.6352125217901351,0.6352125217901351,0.31333964949407417,0.05144782871579079,0.09,0.08,0.16999999999999998
195,Jangipara,Hugli,GEN,All India Trinamool Congress,0.8437369513557728,0.8437369513557728,0.12353747229562595,0.032725576348601265,0.08,0.05,0.13
58,Jangipur,Murshidabad,GEN,All India Trinamool Congress,0.7666224033839308,0.7666224033839308,0.20298643006493017,0.030391166551139062,0.07,0.05,0.12000000000000001
136,Jaynagar,South  Twenty Four Parganas,SC,All India Trinamool Congress,0.840551047764193,0.840551047764193,0.12299359186312742,0.03645536037267957,0.1,0.05,0.15000000000000002
222,Jhargram,Paschim Medinipur,GEN,All India Trinamool Congress,0.8860155512256963,0.8860155512256963,0.08953945385614051,0.02444499491816323,0.05,0.05,0.1
165,Jorasanko,Kolkata,GEN,All India Trinamool Congress,0.5510072468966694,0.5510072468966694,0.40281700177528357,0.04617575132804709,0.12,0.08,0.2
241,Joypur,Puruliya,GEN,Bharatiya Janta Party,0.9958013930575689,0.00374067177444035,0.9958013930575689,0.00045793516799071837,0.04,0.05,0.09
131,Kakdwip,South  Twenty Four Parganas,GEN,All India Trinamool Congress,0.5265959234539173,0.5265959234539173,0.3440141010996361,0.12938997544644665,0.1,0.02,0.12000000000000001
11,Kalchini,Jalpaiguri,ST,Bharatiya Janta Party,0.9984497521150104,0.0007963198457867288,0.9984497521150104,0.0007539280392027844,0.05,0.05,0.1
34,Kaliaganj,Uttar Dinajpur,SC,Bharatiya Janta Party,0.9934053197349261,0.00391974317809441,0.9934053197349261,0.0026749370869794792,0.06,0.05,0.11
80,Kaliganj,Nadia,GEN,All India Trinamool Congress,0.8577084032643967,0.8577084032643967,0.11582777164712742,0.02646382508847586,0.06,0.05,0.11
22,Kalimpong,Darjiling,GEN,OTHER,0.6909093059996374,0.02020753099302366,0.28888316300733896,0.6909093059996374,0.04,0.08,0.12
264,Kalna,Barddhaman,SC,All India Trinamool Congress,0.6296382654767204,0.6296382654767204,0.3446119421926238,0.025749792330655743,0.09,0.05,0.14
92,Kalyani,Nadia,SC,Bharatiya Janta Party,0.9995858541515105,0.0003097005535554929,0.9995858541515105,0.00010444529493404387,0.06,0.05,0.11
112,Kamarhati,North Twenty Four Parganas,GEN,All India Trinamool Congress,0.8168968843185037,0.8168968843185037,0.13601743409515313,0.0470856815863431,0.1,0.08,0.18
68,Kandi,Murshidabad,GEN,All India Trinamool Congress,0.831311227365752,0.831311227365752,0.13680524300018387,0.03188352963406414,0.07,0.05,0.12000000000000001
216,Kanthi Dakshin,Purba Medinipur,GEN,Bharatiya Janta Party,0.9898354443043893,0.008966831961686144,0.9898354443043893,0.0011977237339246376,0.06,0.05,0.11
213,Kanthi Uttar,Purba Medinipur,GEN,Bharatiya Janta Party,0.9838015488790595,0.008822972100156722,0.9838015488790595,0.007375479020783823,0.06,0.02,0.08
32,Karandighi,Uttar Dinajpur,GEN,All India Trinamool Congress,0.6312690204194529,0.6312690204194529,0.3451188971931389,0.023612082387408154,0.06,0.05,0.11
77,Karimpur,Nadia,GEN,All India Trinamool Congress,0.5523050307251833,0.5523050307251833,0.42376896434840916,0.02392600492640764,0.06,0.02,0.08
149,Kasba,South  Twenty Four Parganas,GEN,All India Trinamool Congress,0.80363385701633,0.80363385701633,0.14661529270870383,0.049750850274966084,0.1,0.08,0.18
244,Kashipur,Puruliya,GEN,Bharatiya Janta Party,0.9966014962936492,0.002616756569111419,0.9966014962936492,0.0007817471372393678,0.04,0.05,0.09
168,Kashipur-Belgachhia,Kolkata,GEN,All India Trinamool Congress,0.8032665208043995,0.8032665208043995,0.14753543219358237,0.04919804700201797,0.12,0.08,0.2
256,Katulpur,Bankura,SC,Bharatiya Janta Party,0.9981000772547995,0.000768067524566007,0.9981000772547995,0.0011318552206344033,0.05,0.02,0.07
270,Katwa,Barddhaman,GEN,All India Trinamool Congress,0.7930537519001866,0.7930537519001866,0.1727831447838577,0.034163103315955734,0.09,0.05,0.14
223,Keshiary,Paschim Medinipur,ST,All India Trinamool Congress,0.8103970116651266,0.8103970116651266,0.17293531568918927,0.016667672645684133,0.05,0.02,0.07
235,Keshpur,Paschim Medinipur,SC,All India Trinamool Congress,0.5914149681292765,0.5914149681292765,0.37584835574017295,0.03273667613055052,0.05,0.02,0.07
271,Ketugram,Barddhaman,GEN,All India Trinamool Congress,0.8498788358609862,0.8498788358609862,0.11615140514628113,0.033969758992732725,0.09,0.05,0.14
202,Khanakul,Hugli,GEN,Bharatiya Janta Party,0.995485195240654,0.0037093671501786897,0.995485195240654,0.0008054376091673115,0.08,0.05,0.13
259,Khandaghosh,Barddhaman,SC,All India Trinamool Congress,0.8451521450075251,0.8451521450075251,0.12816670884027687,0.02668114615219795,0.09,0.02,0.11
228,Kharagpur,Paschim Medinipur,GEN,All India Trinamool Congress,0.9142830020106695,0.9142830020106695,0.06749937844391134,0.018217619545419176,0.05,0.02,0.07
224,Kharagpur Sadar,Paschim Medinipur,GEN,Bharatiya Janta Party,0.991603994733736,0.005064772829744191,0.991603994733736,0.0033312324365197977,0.05,0.08,0.13
109,Khardaha,North Twenty Four Parganas,GEN,All India Trinamool Congress,0.847435766671747,0.847435766671747,0.11442844669745018,0.03813578663080279,0.1,0.05,0.15000000000000002
66,Khargram,Murshidabad,SC,All India Trinamool Congress,0.8367642020442987,0.8367642020442987,0.13235533082257792,0.030880467133123455,0.07,0.05,0.12000000000000001
215,Khejuri,Purba Medinipur,SC,Bharatiya Janta Party,0.9905465944452528,0.006771348073911289,0.9905465944452528,0.0026820574808357547,0.06,0.02,0.08
158,Kolkata Port,Kolkata,GEN,All India Trinamool Congress,0.8042160355336482,0.8042160355336482,0.14681764560136637,0.04896631886498549,0.12,0.08,0.2
83,Krishnanagar Uttar,Nadia,GEN,Bharatiya Janta Party,0.9852727042854827,0.013757169795653083,0.9852727042854827,0.0009701259188641694,0.06,0.05,0.11
88,Krishnaganj,Nadia,SC,Bharatiya Janta Party,0.9978458509518233,0.0014509685729711124,0.9978458509518233,0.0007031804752055945,0.06,0.05,0.11
85,Krishnanagar Dakshin,Nadia,GEN,All India Trinamool Congress,0.5015668832441172,0.5015668832441172,0.46449796559814693,0.03393515115773585,0.06,0.05,0.11
133,Kulpi,South  Twenty Four Parganas,GEN,All India Trinamool Congress,0.8730036013399003,0.8730036013399003,0.09559541781090952,0.03140098084919004,0.1,0.02,0.12000000000000001
129,Kultali,South  Twenty Four Parganas,SC,All India Trinamool Congress,0.8351385860486666,0.8351385860486666,0.12456446119622168,0.04029695275511181,0.1,0.02,0.12000000000000001
282,Kulti,Barddhaman,GEN,Bharatiya Janta Party,0.9954276763635669,0.003460339078243164,0.9954276763635669,0.0011119845581900128,0.09,0.08,0.16999999999999998
38,Kumarganj,Dakshin Dinajpur,GEN,All India Trinamool Congress,0.621018229138439,0.621018229138439,0.3453209191599023,0.03366085170165874,0.06,0.05,0.11
10,Kumargram,Jalpaiguri,ST,Bharatiya Janta Party,0.9965829984597101,0.0017567323403949171,0.9965829984597101,0.0016602691998950014,0.05,0.05,0.1
24,Kurseong,Darjiling,GEN,Bharatiya Janta Party,0.9925909567867495,0.0007446138483839868,0.9925909567867495,0.006664429364866478,0.04,0.08,0.12
37,Kushmandi,Dakshin Dinajpur,SC,Bharatiya Janta Party,0.534264867148697,0.41137287810680234,0.534264867148697,0.05436225474450062,0.06,0.05,0.11
288,Labhpur,Birbhum,GEN,All India Trinamool Congress,0.8867707348329642,0.8867707348329642,0.09470680235169289,0.018522462815342814,0.05,0.02,0.07
61,Lalgola,Murshidabad,GEN,All India Trinamool Congress,0.876335692107728,0.876335692107728,0.09378384019789981,0.029880467694372196,0.07,0.05,0.12000000000000001
14,Madarihat,Jalpaiguri,ST,Bharatiya Janta Party,0.9822198312847243,0.0056328032971097106,0.9822198312847243,0.012147365418166025,0.05,0.05,0.1
118,Madhyamgram,North Twenty Four Parganas,GEN,All India Trinamool Congress,0.8479732946335854,0.8479732946335854,0.11309547274847721,0.03893123261793746,0.1,0.05,0.15000000000000002
142,Magrahat Paschim,South  Twenty Four Parganas,GEN,All India Trinamool Congress,0.849858115214408,0.849858115214408,0.11299859324556434,0.037143291540027705,0.1,0.05,0.15000000000000002
141,Magrahat Purba,South  Twenty Four Parganas,SC,All India Trinamool Congress,0.8448435784868664,0.8448435784868664,0.11829839150534463,0.036858030007789026,0.1,0.05,0.15000000000000002
155,Maheshtala,South  Twenty Four Parganas,GEN,All India Trinamool Congress,0.8502753067445383,0.8502753067445383,0.11277436377067832,0.03695032948478332,0.1,0.05,0.15000000000000002
208,Mahishadal,Purba Medinipur,GEN,All India Trinamool Congress,0.6428720220874811,0.6428720220874811,0.33558603536079545,0.02154194255172351,0.06,0.02,0.08
20,Mal,Jalpaiguri,ST,Bharatiya Janta Party,0.9472521600471582,0.04348660610931854,0.9472521600471582,0.009261233843523292,0.05,0.05,0.1
47,Malatipur,Maldah,GEN,All India Trinamool Congress,0.8602991255284144,0.8602991255284144,0.10567175377094634,0.03402912070063929,0.08,0.05,0.13
50,Maldaha,Maldah,SC,Bharatiya Janta Party,0.7201891820631351,0.26703758672800976,0.7201891820631351,0.012773231208855164,0.08,0.05,0.13
243,Manbazar,Puruliya,ST,All India Trinamool Congress,0.7363314750975741,0.7363314750975741,0.24418806581820043,0.019480459084225247,0.04,0.05,0.09
135,Mandirbazar,South  Twenty Four Parganas,SC,All India Trinamool Congress,0.8572902094693873,0.8572902094693873,0.10912448835790199,0.03358530217271084,0.1,0.02,0.12000000000000001
272,Mongalkote,Barddhaman,GEN,All India Trinamool Congress,0.8598183740045321,0.8598183740045321,0.10621760779922215,0.033964018196245754,0.09,0.05,0.14
49,Manikchak,Maldah,GEN,All India Trinamool Congress,0.7372749307219948,0.7372749307219948,0.2336148747518004,0.029110194526204888,0.08,0.05,0.13
167,Maniktola,Kolkata,GEN,All India Trinamool Congress,0.7776658421316809,0.7776658421316809,0.17046220985994393,0.05187194800837518,0.12,0.08,0.2
2,Mathabhanga,Koch Bihar,SC,Bharatiya Janta Party,0.9959074607551935,0.0035241026357084003,0.9959074607551935,0.0005684366090979593,0.05,0.05,0.1
157,Metiaburuz,South  Twenty Four Parganas,GEN,All India Trinamool Congress,0.845669828142814,0.845669828142814,0.11774166547748036,0.03658850637970569,0.1,0.05,0.15000000000000002
25,Matigara-Naxalbari,Darjiling,SC,Bharatiya Janta Party,0.9939352611851382,0.0034751659007847017,0.9939352611851382,0.002589572914077111,0.04,0.05,0.09
16,Maynaguri,Jalpaiguri,SC,Bharatiya Janta Party,0.9906857546267661,0.00031101044350099994,0.9906857546267661,0.009003234929732835,0.05,0.02,0.07
290,Mayureswar,Birbhum,GEN,All India Trinamool Congress,0.8243337811843752,0.8243337811843752,0.15121113390693483,0.02445508490868993,0.05,0.05,0.1
236,Medinipur,Paschim Medinipur,GEN,All India Trinamool Congress,0.8718681635619245,0.8718681635619245,0.09996711680851045,0.028164719629564933,0.05,0.05,0.1
1,Mekliganj,Koch Bihar,SC,Bharatiya Janta Party,0.6030955731244422,0.3521735191492296,0.6030955731244422,0.04473090772632824,0.05,0.02,0.07
265,Memari,Barddhaman,GEN,All India Trinamool Congress,0.8592849698191092,0.8592849698191092,0.1066327244102283,0.03408230577066253,0.09,0.05,0.14
122,Minakhan,North Twenty Four Parganas,SC,All India Trinamool Congress,0.8754546105374856,0.8754546105374856,0.0942978357886007,0.03024755367391363,0.1,0.02,0.12000000000000001
263,Monteswar,Barddhaman,GEN,All India Trinamool Congress,0.861261878094039,0.861261878094039,0.1048474307698513,0.03389069113610987,0.09,0.05,0.14
52,Mothabari,Maldah,GEN,All India Trinamool Congress,0.8613452983607056,0.8613452983607056,0.1055465342486276,0.033108167390666646,0.08,0.05,0.13
206,Moyna,Purba Medinipur,GEN,Bharatiya Janta Party,0.9900605705835136,0.00741844909593061,0.9900605705835136,0.0025209803205558366,0.06,0.02,0.08
294,Murarai,Birbhum,GEN,All India Trinamool Congress,0.893335030191881,0.893335030191881,0.08176120116562967,0.024903768642489298,0.05,0.05,0.1
64,Murshidabad,Murshidabad,GEN,Bharatiya Janta Party,0.988380020757412,0.00858167462169255,0.988380020757412,0.003038304620895399,0.07,0.05,0.12000000000000001
84,Nabadwip,Nadia,GEN,All India Trinamool Congress,0.5279162952483958,0.5279162952483958,0.4531026195228209,0.018981085228783397,0.06,0.05,0.11
65,Nabagram,Murshidabad,SC,All India Trinamool Congress,0.7294905690302387,0.7294905690302387,0.244778855653588,0.02573057531617333,0.07,0.05,0.12000000000000001
21,Nagrakata,Jalpaiguri,ST,Bharatiya Janta Party,0.9976639329166378,0.001042695042364321,0.9976639329166378,0.0012933720409979508,0.05,0.05,0.1
104,Naihati,North Twenty Four Parganas,GEN,All India Trinamool Congress,0.7314152525493376,0.7314152525493376,0.21301239608594483,0.05557235136471763,0.1,0.05,0.15000000000000002
81,Nakashipara,Nadia,GEN,All India Trinamool Congress,0.8066747801901002,0.8066747801901002,0.16713130157181336,0.02619391823808637,0.06,0.05,0.11
293,Nalhati,Birbhum,GEN,All India Trinamool Congress,0.8971090324281917,0.8971090324281917,0.07838081549855012,0.024510152073258143,0.05,0.05,0.1
207,Nandakumar,Purba Medinipur,GEN,All India Trinamool Congress,0.5015518821271262,0.5015518821271262,0.46477057791005494,0.03367753996281896,0.06,0.02,0.08
210,Nandigram,Purba Medinipur,GEN,Bharatiya Janta Party,0.7725915216411084,0.19765798007366478,0.7725915216411084,0.029750498285226808,0.06,0.02,0.08
287,Nanoor,Birbhum,SC,Bharatiya Janta Party,0.7819692304776177,0.20395300177761236,0.7819692304776177,0.01407776774476991,0.05,0.05,0.1
74,Naoda,Murshidabad,GEN,All India Trinamool Congress,0.8279883069257019,0.8279883069257019,0.14348433064491103,0.028527362429386985,0.07,0.05,0.12000000000000001
225,Narayangarh,Paschim Medinipur,GEN,All India Trinamool Congress,0.7403037858381947,0.7403037858381947,0.24239904818454794,0.017297165977257455,0.05,0.02,0.07
8,Natabari,Koch Bihar,GEN,Bharatiya Janta Party,0.9933891209734587,0.00409195451158013,0.9933891209734587,0.0025189245149612556,0.05,0.02,0.07
220,Nayagram,Paschim Medinipur,ST,All India Trinamool Congress,0.8521159477203388,0.8521159477203388,0.12308827433834764,0.024795777941313563,0.05,0.05,0.1
107,Noapara,North Twenty Four Parganas,GEN,All India Trinamool Congress,0.7556671711775227,0.7556671711775227,0.18941543066547065,0.05491739815700659,0.1,0.08,0.18
254,Onda,Bankura,GEN,Bharatiya Janta Party,0.9902137930664271,0.007965691487022102,0.9902137930664271,0.0018205154465507788,0.05,0.02,0.07
79,Palashipara,Nadia,GEN,All India Trinamool Congress,0.8213097520273309,0.8213097520273309,0.15291246597485825,0.0257777819978109,0.06,0.05,0.11
175,Panchla,Haora,GEN,All India Trinamool Congress,0.8430805789500921,0.8430805789500921,0.11970434961986579,0.03721507143004199,0.1,0.05,0.15000000000000002
275,Pandabeswar,Barddhaman,GEN,All India Trinamool Congress,0.5953541871888193,0.5953541871888193,0.35111891957271196,0.0535268932384689,0.09,0.05,0.14
192,Pandua,Hugli,GEN,All India Trinamool Congress,0.8465817436211381,0.8465817436211381,0.1193294048190878,0.03408885155977407,0.08,0.05,0.13
111,Panihati,North Twenty Four Parganas,GEN,All India Trinamool Congress,0.804763111779805,0.804763111779805,0.14730181965858494,0.04793506856161004,0.1,0.08,0.18
205,Panskura Paschim,Purba Medinipur,GEN,Bharatiya Janta Party,0.49393391331229886,0.4730436039966226,0.49393391331229886,0.03302248269107857,0.06,0.05,0.11
204,Panskura Purba,Purba Medinipur,GEN,All India Trinamool Congress,0.6947375415084391,0.6947375415084391,0.2804172917745055,0.024845166717055434,0.06,0.05,0.11
245,Para,Puruliya,SC,Bharatiya Janta Party,0.9998619698369194,6.642337063823213e-05,0.9998619698369194,7.160679244223684e-05,0.04,0.05,0.09
212,Patashpur,Purba Medinipur,GEN,All India Trinamool Congress,0.575896131573001,0.575896131573001,0.4015025446991699,0.022601323727829,0.06,0.02,0.08
130,Patharpratima,South  Twenty Four Parganas,GEN,All India Trinamool Congress,0.7900007056674535,0.7900007056674535,0.11736803039055269,0.09263126394199364,0.1,0.02,0.12000000000000001
27,Phansidewa,Darjiling,ST,Bharatiya Janta Party,0.9972954016628947,0.0017518397532356941,0.9972954016628947,0.0009527585838696536,0.04,0.02,0.06
227,Pingla,Paschim Medinipur,GEN,All India Trinamool Congress,0.6221069989908344,0.6221069989908344,0.3485401864238078,0.029352814585357684,0.05,0.02,0.07
268,Purbasthali Dakshin,Barddhaman,GEN,All India Trinamool Congress,0.8591410466788532,0.8591410466788532,0.10700250626261983,0.033856447058526966,0.09,0.05,0.14
269,Purbasthali Uttar,Barddhaman,GEN,All India Trinamool Congress,0.8296926240582562,0.8296926240582562,0.13679013441570856,0.033517241526035274,0.09,0.05,0.14
199,Pursurah,Hugli,GEN,Bharatiya Janta Party,0.9887957458541966,0.009616180514065379,0.9887957458541966,0.0015880736317379052,0.08,0.05,0.13
242,Purulia,Puruliya,GEN,Bharatiya Janta Party,0.9917793571045704,0.007268892599147488,0.9917793571045704,0.0009517502962821051,0.04,0.05,0.09
59,Raghunathganj,Murshidabad,GEN,All India Trinamool Congress,0.798079396759392,0.798079396759392,0.17033370036377346,0.0315869028768345,0.07,0.05,0.12000000000000001
246,Raghunathpur,Puruliya,SC,Bharatiya Janta Party,0.9946719219529233,0.004680828773120145,0.9946719219529233,0.0006472492739564652,0.04,0.05,0.09
134,Raidighi,South  Twenty Four Parganas,GEN,All India Trinamool Congress,0.7831128147364024,0.7831128147364024,0.14594516703628804,0.0709420182273095,0.1,0.02,0.12000000000000001
35,Raiganj,Uttar Dinajpur,GEN,Bharatiya Janta Party,0.7967287741072265,0.17139548681861752,0.7967287741072265,0.031875739074155994,0.06,0.05,0.11
261,Raina,Barddhaman,SC,All India Trinamool Congress,0.8042690796472272,0.8042690796472272,0.16251552472132041,0.03321539563145246,0.09,0.02,0.11
250,Raipur,Bankura,ST,All India Trinamool Congress,0.7466639133641096,0.7466639133641096,0.2296111917345465,0.023724894901343954,0.05,0.05,0.1
117,Rajarhat  Gopalpur,North Twenty Four Parganas,GEN,All India Trinamool Congress,0.7841681215382192,0.7841681215382192,0.1675165505938239,0.04831532786795688,0.1,0.08,0.18
115,Rajarhat New Town,North Twenty Four Parganas,GEN,All India Trinamool Congress,0.8421107250619357,0.8421107250619357,0.1152787029602697,0.04261057197779441,0.1,0.05,0.15000000000000002
18,Rajganj,Jalpaiguri,SC,Bharatiya Janta Party,0.9887243567321674,0.008980222346053324,0.9887243567321674,0.00229542092177926,0.05,0.02,0.07
217,Ramnagar,Purba Medinipur,GEN,All India Trinamool Congress,0.6836069769710967,0.6836069769710967,0.29096460783762174,0.025428415191281428,0.06,0.05,0.11
291,Rampurhat,Birbhum,GEN,All India Trinamool Congress,0.7524807947788885,0.7524807947788885,0.22317660388870775,0.02434260133240355,0.05,0.05,0.1
90,Ranaghat Dakshin,Nadia,SC,Bharatiya Janta Party,0.9981963178649282,0.0009968289282688998,0.9981963178649282,0.0008068532068029752,0.06,0.05,0.11
87,Ranaghat Uttar Paschim,Nadia,GEN,Bharatiya Janta Party,0.9946756410751693,0.0036431147111232586,0.9946756410751693,0.001681244213707369,0.06,0.05,0.11
89,Ranaghat Uttar Purba,Nadia,SC,Bharatiya Janta Party,0.9909048992449596,0.007940744639936994,0.9909048992449596,0.0011543561151035162,0.06,0.05,0.11
249,Ranibandh,Bankura,ST,Bharatiya Janta Party,0.5455143392430117,0.43751401218751473,0.5455143392430117,0.016971648569473485,0.05,0.05,0.1
278,Raniganj,Barddhaman,GEN,Bharatiya Janta Party,0.9830892906639543,0.013365749401096283,0.9830892906639543,0.003544959934949294,0.09,0.08,0.16999999999999998
63,Raninagar,Murshidabad,GEN,All India Trinamool Congress,0.7962437254993547,0.7962437254993547,0.17491580480403413,0.0288404696966111,0.07,0.05,0.12000000000000001
160,Rashbehari,Kolkata,GEN,All India Trinamool Congress,0.7744253109944337,0.7744253109944337,0.17358900733090807,0.051985681674658245,0.12,0.08,0.2
48,Ratua,Maldah,GEN,All India Trinamool Congress,0.6417756396090628,0.6417756396090628,0.32903598372831827,0.02918837666261905,0.08,0.05,0.13
70,Rejinagar,Murshidabad,GEN,All India Trinamool Congress,0.873280506260769,0.873280506260769,0.09724300457501488,0.029476489164216062,0.07,0.05,0.12000000000000001
226,Sabang,Paschim Medinipur,GEN,All India Trinamool Congress,0.7724847152113645,0.7724847152113645,0.19359851519084528,0.033916769597790115,0.05,0.02,0.07
132,Sagar,South  Twenty Four Parganas,GEN,All India Trinamool Congress,0.7579431200155831,0.7579431200155831,0.14757017656483265,0.09448670341958426,0.1,0.02,0.12000000000000001
60,Sagardighi,Murshidabad,GEN,All India Trinamool Congress,0.8708880332447406,0.8708880332447406,0.09820766376859011,0.030904302986669192,0.07,0.05,0.12000000000000001
289,Sainthia,Birbhum,SC,All India Trinamool Congress,0.6188605355417094,0.6188605355417094,0.36079975891566923,0.02033970554262143,0.05,0.05,0.1
234,Salboni,Paschim Medinipur,GEN,Bharatiya Janta Party,0.7788086364724083,0.1358848641699024,0.7788086364724083,0.08530649935768922,0.05,0.02,0.07
247,Saltora,Bankura,SC,Bharatiya Janta Party,0.9944163185792223,0.005008011746981752,0.9944163185792223,0.0005756696737960039,0.05,0.05,0.1
56,Samserganj,Murshidabad,GEN,All India Trinamool Congress,0.8091130268711297,0.8091130268711297,0.1588663042138755,0.03202066891499481,0.07,0.05,0.12000000000000001
123,Sandeshkhali,North Twenty Four Parganas,ST,All India Trinamool Congress,0.8518864992421152,0.8518864992421152,0.111662045432147,0.03645145532573785,0.1,0.05,0.15000000000000002
174,Sankrail,Haora,SC,All India Trinamool Congress,0.8465323490181548,0.8465323490181548,0.11611130352132742,0.0373563474605179,0.1,0.05,0.15000000000000002
86,Santipur,Nadia,GEN,Bharatiya Janta Party,0.9945405472434452,0.004680810088186664,0.9945405472434452,0.000778642668368073,0.06,0.05,0.11
193,Saptagram,Hugli,GEN,All India Trinamool Congress,0.731132963627929,0.731132963627929,0.23399947993188838,0.03486755644018259,0.08,0.05,0.13
145,Satgachhia,South  Twenty Four Parganas,GEN,All India Trinamool Congress,0.7994586553974788,0.7994586553974788,0.13174048077342135,0.0688008638290999,0.1,0.02,0.12000000000000001
172,Shibpur,Haora,GEN,All India Trinamool Congress,0.8483668014805906,0.8483668014805906,0.11413934663228262,0.03749385188712667,0.1,0.05,0.15000000000000002
166,Shyampukur,Kolkata,GEN,All India Trinamool Congress,0.7967795358741219,0.7967795358741219,0.15363789635645328,0.04958256776942493,0.12,0.08,0.2
179,Shyampur,Haora,GEN,All India Trinamool Congress,0.7451311508789356,0.7451311508789356,0.21614426404876178,0.038724585072302725,0.1,0.05,0.15000000000000002
26,Siliguri,Darjiling,GEN,Bharatiya Janta Party,0.7992474625083352,0.14850741194044365,0.7992474625083352,0.052245125551221114,0.04,0.05,0.09
188,Singur,Hugli,GEN,All India Trinamool Congress,0.8653468920039796,0.8653468920039796,0.10254979966649261,0.032103308329527756,0.08,0.05,0.13
6,Sitai,Koch Bihar,SC,Bharatiya Janta Party,0.9956667479868424,0.0017430806130680075,0.9956667479868424,0.002590171400089497,0.05,0.05,0.1
5,Sitalkuchi,Koch Bihar,SC,Bharatiya Janta Party,0.9977871727455825,0.0010182444363195187,0.9977871727455825,0.0011945828180981344,0.05,0.05,0.1
258,Sonamukhi,Bankura,SC,Bharatiya Janta Party,0.9959442332689971,0.0036047678366491792,0.9959442332689971,0.0004509988943538848,0.05,0.02,0.07
147,Sonarpur Dakshin,South  Twenty Four Parganas,GEN,All India Trinamool Congress,0.8138329688231768,0.8138329688231768,0.12948129980318324,0.056685731373639955,0.1,0.05,0.15000000000000002
151,Sonarpur Uttar,South  Twenty Four Parganas,GEN,All India Trinamool Congress,0.824561698711366,0.824561698711366,0.13123538895144932,0.04420291233718457,0.1,0.05,0.15000000000000002
186,Sreerampur,Hugli,GEN,All India Trinamool Congress,0.7023226089618662,0.7023226089618662,0.25844457398632253,0.039232817051811364,0.08,0.08,0.16
53,Sujapur,Maldah,GEN,All India Trinamool Congress,0.8294392881034592,0.8294392881034592,0.13919288222566417,0.03136782967087644,0.08,0.05,0.13
285,Suri,Birbhum,GEN,All India Trinamool Congress,0.6629849142822685,0.6629849142822685,0.3126777374619584,0.024337348255772936,0.05,0.05,0.1
57,Suti,Murshidabad,GEN,All India Trinamool Congress,0.8555561846523734,0.8555561846523734,0.11542527513283252,0.029018540214794136,0.07,0.05,0.12000000000000001
98,Swarupnagar,North Twenty Four Parganas,SC,All India Trinamool Congress,0.6479341322833335,0.6479341322833335,0.3229501412312792,0.029115726485387353,0.1,0.05,0.15000000000000002
251,Taldangra,Bankura,GEN,All India Trinamool Congress,0.7156935769317011,0.7156935769317011,0.26272121929897646,0.021585203769322353,0.05,0.05,0.1
203,Tamluk,Purba Medinipur,GEN,All India Trinamool Congress,0.6989692125631207,0.6989692125631207,0.2598255695925045,0.04120521784437479,0.06,0.02,0.08
40,Tapan,Dakshin Dinajpur,ST,Bharatiya Janta Party,0.9912447565671295,0.0034925057280693794,0.9912447565671295,0.005262737704801179,0.06,0.05,0.11
198,Tarakeswar,Hugli,GEN,All India Trinamool Congress,0.8277960074437484,0.8277960074437484,0.1393668631814656,0.03283712937478598,0.08,0.05,0.13
78,Tehatta,Nadia,GEN,All India Trinamool Congress,0.5507529841820393,0.5507529841820393,0.4274672227146696,0.02177979310329121,0.06,0.05,0.11
152,Tollyganj,South  Twenty Four Parganas,GEN,All India Trinamool Congress,0.7811305461107196,0.7811305461107196,0.1742202517884942,0.04464920210078612,0.1,0.08,0.18
9,Tufanganj,Koch Bihar,GEN,Bharatiya Janta Party,0.9956407777541537,0.003011744355633563,0.9956407777541537,0.0013474778902127554,0.05,0.02,0.07
182,Udaynarayanpur,Haora,GEN,All India Trinamool Congress,0.8485355967595937,0.8485355967595937,0.11463663151388352,0.03682777172652284,0.1,0.05,0.15000000000000002
178,Uluberia Dakshin,Haora,GEN,All India Trinamool Congress,0.8264022111975675,0.8264022111975675,0.13734412384792588,0.036253664954506666,0.1,0.05,0.15000000000000002
176,Uluberia Purba,Haora,GEN,All India Trinamool Congress,0.8506360626504677,0.8506360626504677,0.1122809937766942,0.0370829435728382,0.1,0.05,0.15000000000000002
177,Uluberia Uttar,Haora,SC,All India Trinamool Congress,0.8469145533459514,0.8469145533459514,0.11497457401500108,0.03811087263904752,0.1,0.05,0.15000000000000002
185,Uttarpara,Hugli,GEN,All India Trinamool Congress,0.8255008497984352,0.8255008497984352,0.13404232495376692,0.04045682524779788,0.08,0.08,0.16
